id,Assigned to,Paper,Discipline 2 (updated),Discipline journal 2 (updated),Topic (updated),Geography (country),Geography (continent),Study Area Geography (country),Geographic Correspondence,Perspective on the community,Evidence of engagement
124,Yair,"Quinn, S. (2017). Using small cities to understand the crowd behind OpenStreetMap. GeoJournal, 82(3), 455–473.",social sciences,social sciences,"contribution behaviors, contributors",United States,North America,"Argentina, Uruguay, United States, Canada",partial/partial,a social product,object of study - indirect
1015,Peter,"Ismail, M., Tarek, A., Plaza, P. M., Gomez, D. M., Armingol, J. M., & Abdelaziz, M. (2019). Advanced Mapping and Localization for Autonomous Vehicles using OSM. 1–6.",engineering,engineering,application,India,Asia,Asia,no,OSM as a data source,none
38,Peter,"Chen, Y., Rajabifard, A., & Day, J. (2017). An advanced web API for isochrones calculation using OpenStreetMap data. International Conference on Computers in Urban Planning and Urban Management, 185–205. Springer.",engineering,social sciences,"data enrichment, application",Australia,Australia & Oceania,Australia,full,OSM as a data source,none
49,Yair,"Donchyts, G., Schellekens, J., Winsemius, H., Eisemann, E., & van de Giesen, N. (2016). A 30 m Resolution Surface Water Mask Including Estimation of Positional and Thematic Differences Using Landsat 8, SRTM and OpenStreetMap: A Case Study in the Murray-Darling Basin, Australia. Remote Sensing, 8(5), 386. https://doi.org/10.3390/rs8050386","engineering, computer science",geo-information,application,Netherlands,Europe,Australia,no,data produced by contributors,none
97,Levente,"Majic, I., Winter, S., & Tomko, M. (2017). Finding equivalent keys in OpenStreetMap: Semantic similarity computation based on extensional definitions. Proceedings of the 1st Workshop on Artificial Intelligence and Deep Learning for Geographic Knowledge Discovery, 24–32. ACM.",geo-information,geo-information,data enrichment,Australia,Australia & Oceania,Australia,full,data produced by contributors,occasional development
67,Levente,"Graser, A. (2016). Integrating Open Spaces into OpenStreetMap Routing Graphs for Realistic Crossing Behaviour in Pedestrian Navigation. GI_Forum–Journal for Geographic Information Science, Salzburg, Österreich, July, 5–8.",geo-information,geo-information,development,Austria,Europe,Austria,full,OSM as a data source,none
142,Levente,"Silbernagl, D., Krismer, N., Augsten, N., & Specht, G. (2017). Recommending OSM tags to improve metadata quality. Proceedings of the 1st ACM SIGSPATIAL Workshop on Recommendations for Location-Based Services and Social Networks, 6. ACM.",computer science,geo-information,shaping contributions,Austria,Europe,Austria,full,contributors producing data,contribution
129,Yair,"Rosina, K., Hurbanek, P., & Cebecauer, M. (2017). Using OpenStreetMap to improve population grids in Europe. Cartography and Geographic Information Science, 44(2), 139–151. https://doi.org/10.1080/15230406.2016.1192487",social sciences,geo-information,application,"Slovakia, Sweden",Europe,"Austria, Slovenia",no,OSM as a data source,none
143,Peter,"Silbernagl, D., Krismer, N., & Specht, G. (2016). Comparing OSM Area-Boundary Data to DBpedia. Proceedings of the 12th International Symposium on Open Collaboration, 11. ACM.",computer science,interdisciplinary,data quality,Austria,Europe,"Austria, United Kingdom, United States",partial/partial,OSM as a data source,none
158,Peter,"Vuurstaek, J., Cich, G., Knapen, L., Ectors, W., Bellemans, T., & Janssens, D. (2018). GTFS bus stop mapping to the OSM network. Future Generation Computer Systems.",social sciences,engineering,application,Belgium,Europe,Belgium,full,OSM as a data source,none
40,Marco,"Cich, G., Vuurstaek, J., Knapen, L., Bellemans, T., & Janssens, D. (2016). Data Preparation to Simulate Public Transport in Micro-Simulations using OSM and GTFS. Procedia Computer Science, 83, 50–57.",engineering,computer science,"application, data enrichment, development",Belgium,Europe,"Belgium, Netherlands",partial/partial,OSM as a data source,none
145,Marco,"Sturrock, H. J. W., Woolheater, K., Bennett, A. F., Andrade-Pacheco, R., & Midekisa, A. (2018). Predicting residential structures from open source remotely enumerated data using machine learning. PLOS ONE, 13(9), e0204399. https://doi.org/10.1371/journal.pone.0204399",natural sciences,interdisciplinary,application,United States,North America,"Botswana, Swaziland",no,data produced by contributors,none
1027,Yair,"OlivattoI, T. F., StanganiniII, F. N., & MelandaIII, E. A. (2019). Drone Imagery for OpenStreetMap Sidewalk Da-ta Enrichment. In G. Gartner & H. Huang (eds.) Adjunct Proceedings of the 15th International Conference on Location-Based Services (pp. 243-250). University of Zurich, Zurich",engineering,informatics,"data enrichment, data quality",Brazil,South America,Brazil,full,data produced by contributors,meaningful development
123,Peter,"Quinn, S. (2016). A geolinguistic approach for comprehending local influence in OpenStreetMap. Cartographica: The International Journal for Geographic Information and Geovisualization, 51(2), 67–83.",social sciences,geo-information,contribution behaviors,United States,North America,"Brazil, Colombia, Argentina, Peru, Venezuela, Chile, Ecuador, Bolivia, Paraguay, Uruguay, Guyana, Suriname, French Guiana",no,contributors producing data,object of study - indirect
68,Peter,"Grippa, T., Georganos, S., Zarougui, S., Bognounou, P., Diboulo, E., Forget, Y., … Wolff, E. (2018). Mapping Urban Land Use at Street Block Level Using OpenStreetMap, Remote Sensing Data, and Spatial Metrics. Isprs International Journal of Geo-Information, 7(7), 246. https://doi.org/10.3390/ijgi7070246",exact sciences,geo-information,application,"Belgium, Burkina Faso","Europe,Africa","Burkina Faso, Senegal",partial/partial,OSM as a data source,none
55,Marco,"Ferster, C., Fischer, J., Manaugh, K., Nelson, T., & Winters, M. (2019). Using OpenStreetMap to inventory bicycle infrastructure: A comparison with open data from cities. International Journal of Sustainable Transportation, 0(0), 1–10. https://doi.org/10.1080/15568318.2018.1519746","social sciences, geo-information",interdisciplinary,data quality,"Canada, United States",North America,Canada,partial/full,data produced by contributors,occasional development
171,Godwin,"Zhang, H., & Malczewski, J. (2017a). Accuracy evaluation of the Canadian OpenStreetMap road networks. International Journal of Geospatial and Environmental Research, 5(2).",social sciences,geo-information,data quality,Canada,North America,Canada,full,OSM as a data source,none
172,Levente,"Zhang, H., & Malczewski, J. (2017b). Quality evaluation of volunteered geographic information: The case of OpenStreetMap. In Volunteered geographic information and the future of geospatial data (pp. 19–46). IGI Global.","computer science, social sciences",geo-information,"data quality, review",Canada,North America,Canada,full,a social product,object of study - indirect
1040,Godwin (for Levente),"To be completed by someone who has acces to full chapter online. Zhang, H., & Malczewski, J. (2019). Quality evaluation of volunteered geographic information: The case of OpenStreetMap. In Crowdsourcing: Concepts, Methodologies, Tools, and Applications (pp. 1173–1201). IGI Global.",interdisciplinary,geo-information,review,Canada,North America,Canada,full,For levente/others with full access to check ||| Can't find it anywhere. The first 2 pages are on Semantic Scholar: https://pdfs.semanticscholar.org/6ba2/8f0721307a2e1fb1c695249be36933b9ffea.pdf?_ga=2.97675423.1403251528.1606074452-627042339.1606074452,none
87,Levente,"Klonner, C., Marx, S., Usón, T., & Höfle, B. (2016). Risk Awareness Maps of Urban Flooding via OSM Field Papers-Case Study Santiago de Chile. ISCRAM.",social sciences,geo-information,application,Germany,Europe,Chile,no,OSM as a data source,none
39,Yair,"Cheng, F., Liu, S., Hou, X., Zhang, Y., Dong, S., Coxixo, A., & Liu, G. (2018). Urban Land Extraction Using DMSP/OLS Nighttime Light Data and OpenStreetMap Datasets for Cities in China at Different Development Levels. Ieee Journal of Selected Topics in Applied Earth Observations and Remote Sensing, 11(8), 2587–2599. https://doi.org/10.1109/JSTARS.2018.2844566",exact sciences,geo-information,application,China,Asia,China,full,OSM as a data source,none
74,Yair,"Hong, Y., & Yao, Y. (2019). Hierarchical community detection and functional area identification with OSM roads and complex graph theory. International Journal of Geographical Information Science, 0(0), 1–19. https://doi.org/10.1080/13658816.2019.1584806","geo-information, engineering",geo-information,application,"China, Switzerland","Asia, Europe",China,partial/full,OSM as a data source,none
91,Godwin,"Lin, W. (2018). Volunteered Geographic Information constructions in a contested terrain: A case of OpenStreetMap in China. Geoforum, 89, 73–82. https://doi.org/10.1016/j.geoforum.2018.01.005",social sciences,social sciences,contributors,United Kingdom,Europe,China,no,a social product,object of study - direct
93,Peter,"Liu, X., & Long, Y. (2016). Automated identification and characterization of parcels with OpenStreetMap and points of interest. Environment and Planning B-Planning & Design, 43(2), 341–360. https://doi.org/10.1177/0265813515604767",social sciences,social sciences,application,China,Asia,China,full,OSM as a data source,none
95,Marco,"Luo, N., Wan, T., Hao, H., & Lu, Q. (2019). Fusing High-Spatial-Resolution Remotely Sensed Imagery and OpenStreetMap Data for Land Cover Classification Over Urban Areas. Remote Sensing, 11(1), 88. https://doi.org/10.3390/rs11010088","geo-information, engineering",geo-information,application,China,Asia,China,full,data produced by contributors,none
152,Levente,"Tian, Y., Zhou, Q., & Fu, X. (2019). An Analysis of the Evolution, Completeness and Spatial Patterns of OpenStreetMap Building Data in China. ISPRS International Journal of Geo-Information, 8(1), 35. https://doi.org/10.3390/ijgi8010035","informatics, geo-information",geo-information,analyzing contributions,China,Asia,China,full,OSM as a data source,none
159,Yair,"Wan, T., Lu, H., Lu, Q., & Luo, N. (2017). Classification of High-Resolution Remote-Sensing Image Using OpenStreetMap Information. Ieee Geoscience and Remote Sensing Letters, 14(12), 2305–2309. https://doi.org/10.1109/LGRS.2017.2762466","geo-information, informatics",geo-information,application,China,Asia,China,full,data produced by contributors,none
163,Peter,"Wei, C.-C., Lin, J.-S., Chang, C.-C., Huang, Y.-F., & Lin, C.-B. (2018). The Development of E-Bike Navigation Technology Based on an OpenStreetMap. Smart Science, 6(1), 29–35.",interdisciplinary,interdisciplinary,application,China,Asia,China,no,OSM as a data source,none
165,Marco,"Xu, F. F., Lin, B. Y., Lu, Q., Huang, Y., & Zhu, K. Q. (2016). Cross-region traffic prediction for china on openstreetmap. Proceedings of the 9th ACM SIGSPATIAL International Workshop on Computational Transportation Science, 37–42. ACM.","computer science, engineering",geo-information,application,China,Asia,China,full,OSM as a data source,none
175,Marco,"Zhao, W., Bo, Y., Chen, J., Tiede, D., Blaschke, T., & Emery, W. J. (2019). Exploring semantic elements for urban scene recognition: Deep integration of high-resolution imagery and OpenStreetMap (OSM). ISPRS Journal of Photogrammetry and Remote Sensing, 151, 237–250. https://doi.org/10.1016/j.isprsjprs.2019.03.019","geo-information, engineering, exact sciences",geo-information,application,"China, Austria, United States","North America, Europe, Asia",China,partial/full,data produced by contributors,none
1013,Peter,"Haiyang, X. (2019). Accuracy Evaluation and Extraction of Urban Block Based on OpenStreetMap Data. Geospatial Information, 3, 22.",geo-information,geo-information,data quality,China,Asia,China,no,OSM as a data source,none
1039,Godwin (for Levente),"Xu, J., & Zhou, Q. (2019). Temporal-spatial Analysis of Contributors’ Mapping Behavior for Building Data in OpenStreetMap. 2.","engineering, interdisciplinary",geo-information,"application, 
contribution behaviors","China, United States","Asia, North America",China,partial/full,data produced by contributors,none
54,Yair,"Fan, H., Yang, B., Zipf, A., & Rousell, A. (2016). A polygon-based approach for matching OpenStreetMap road networks with regional transit authority data. International Journal of Geographical Information Science, 30(4), 748–764. https://doi.org/10.1080/13658816.2015.1100732","geo-information, informatics",geo-information,data quality,"Germany, China","Europe, Asia","China, Germany",full,data produced by contributors,none
179,Yair,"Zhou, Q., & Tian, Y. (2018). The use of geometric indicators to estimate the quantitative completeness of street blocks in OpenStreetMap. Transactions in GIS, 22(6), 1550–1572. https://doi.org/10.1111/tgis.12486","informatics, exact sciences",geo-information,data quality,China,Asia,"China, United Kingdom",partial/partial,data produced by contributors,none
48,Peter,"Demetriou, D. (2016). Uncertainty of OpenStreetMap data for the road network in Cyprus. Fourth International Conference on Remote Sensing and Geoinformation of the Environment (RSCy2016), 9688, 968806. International Society for Optics and Photonics.",geo-information,geo-information,data quality,Cyprus,Europe,Cyprus,full,OSM as a data source,none
1010,Peter,"Gummidi, S. R. B., Pedersen, T. B., Xie, X., & Zimányi, E. (2019). Push-based Spatial Crowdsourcing for Enriching Semantic Tags in OpenStreetMap. 532–535.",geo-information,computer science,data enrichment,"Denmark, China, Belgium","Europe, Asia",Denmark,partial/full,data produced by contributors,none
52,Levente,"El-Ashmawy, K. L. (2016). Testing the positional accuracy of OpenStreetMap data for mapping applications. Geodesy and Cartography, 42(1), 25–30.",engineering,geo-information,data quality,Egypt,Africa,Egypt,full,OSM as a data source,object of study - indirect
63,Peter,"Gardner, Z., Mooney, P., De Sabbata, S., & Dowthwaite, L. (2019). Quantifying gendered participation in OpenStreetMap: Responding to theories of female (under) representation in crowdsourced mapping. GeoJournal. https://doi.org/10.1007/s10708-019-10035-z","geo-information, computer science",geo-information,contribution behaviors,"United Kingdom, Ireland",Europe,Europe,no, a social product,"object of study - direct, object of study - indirect, acknowledgement"
131,Godwin,"Rousell, A., & Zipf, A. (2017). Towards a landmark-based pedestrian navigation service using OSM data. ISPRS International Journal of Geo-Information, 6(3), 64.",geo-information,geo-information,application,Germany,Europe,Europe,no,OSM as a data source,occasional development
1024,Godwin,"Martini, A., Kuper, P. V., & Breunig, M. (2019). DATABASE-SUPPORTED CHANGE ANALYSIS AND QUALITY EVALUATION OF OPENSTREETMAP DATA. ISPRS Annals of Photogrammetry, Remote Sensing & Spatial Information Sciences, 4.",geo-information,geo-information,application,Germany,Europe,Europe,no,OSM as a data source,none
1025,Yair,"Minghini, M, Kotsev, A., & Lutz, M. (2019). COMPARING INSPIRE AND OPENSTREETMAP DATA: HOW TO MAKE THE MOST OUT OF THE TWO WORLDS. International Archives of the Photogrammetry, Remote Sensing & Spatial Information Sciences.",geo-information,geo-information,review,Italy,Europe,Europe,no,a collaborative project based on contributors,occasional development
24,Yair,"Bergman, C., & Oksanen, J. (2016). Conflation of OpenStreetMap and Mobile Sports Tracking Data for Automatic Bicycle Routing. Transactions in GIS, 20(6), 848–868. https://doi.org/10.1111/tgis.12192",geo-information,geo-information,development,Finland,Europe,Finland,full,data produced by contributors,meaningful development
13,Peter,"Antoniou, V., Skopeliti, A., Fonte, C. C., See, L., & Alvanides, S. (2016). Using OSM, Geo-tagged Flickr photos and authoritative data: A quality perspective. Proceedings, 6th International Conference on Cartography and GIS, 482–492.","geo-information, interdisciplinary",geo-information,data quality,Greece,Europe,France,no,data produced by contributors,none
14,Yair,"Antoniou, V., Touya, G., & Raimond, A.-M. (2016). Quality analysis of the Parisian OSM toponyms evolution. In C. Capineri, M. Haklay, H. Huang, V. Antoniou, J. Kettunen, F. O. Ostermann, & R. Purves, European Handbook of Crowdsourced Geographic Information (pp. 97–112). London: Ubiquity Press.",geo-information,geo-information,data quality,"Greece, France",Europe,France,partial/full,a unified community,none
28,Peter,"Boucher, C., & Noyer, J.-C. (2018). A general framework for 3-D parameters estimation of roads using GPS, OSM and DEM data. Sensors, 18(1), 41.",computer science,informatics,application,France,Europe,France,full,OSM as a data source,none
30,Marco,"Brovelli, MARIA ANTONIA, Minghini, M., & Molinari, M. E. (2016). An automated GRASS-based procedure to assess the geometrical accuracy of the OpenStreetMap Paris road network. https://doi.org/10.5194/isprsarchives-XLI-B7-919-2016","engineering, geo-information",geo-information,data quality,Italy,Europe,France,no,data produced by contributors,"meaningful development, contribution"
83,Peter,"Kasmi, A., Denis, D., Aufrere, R., & Chapuis, R. (2018). Map Matching and Lanes Number Estimation with Openstreetmap. 2018 21st International Conference on Intelligent Transportation Systems (ITSC), 2659–2664. https://doi.org/10.1109/ITSC.2018.8569840",engineering,interdisciplinary,application,France,Europe,France,full,OSM as a data source,none
144,Yair,"Srivastava, S., Lobry, S., Tuia, D., & Vargas-Muñoz, J. E. (2018). Land-use characterisation using Google Street View pictures and OpenStreetMap. Proceedings of the 2018 Association of Geographic Information Laboratories in Europe Conference (AGILE 2018).","geo-information, computer science",geo-information,application,"Netherlands, Brazil","Europe, South America",France,no,OSM as a data source,none
153,Peter,"Touya, G., & Baley, M. (2017). Level of details harmonization operations in OpenStreetMap based large scale maps. In Citizen empowered mapping (pp. 3–25). Springer.",geo-information,interdisciplinary,application,France,Europe,France,full,data produced by contributors,none
154,Yair,"Truong, Q. T., Runz, C. de, & Touya, G. (2018). Analysis of collaboration networks in OpenStreetMap through weighted social multigraph mining. International Journal of Geographical Information Science, 0(0), 1–32. https://doi.org/10.1080/13658816.2018.1556395","geo-information, informatics",geo-information,"contributors, analyzing contributions, data quality",France,Europe,France,full,a unified community,object of study - indirect
155,Marco,"Truong, Q. T., Touya, G., & De Runz, C. (2018). Towards Vandalism Detection in OpenStreetMap Through a Data Driven Approach. GIScience 2018. Presented at the Melbourne, Australia. https://doi.org/10.4230/LIPIcs.GIScience.2018.61","geo-information, informatics",geo-information,"contribution behaviors, analyzing contributions",France,Europe,France,full,contributors producing data,object of study - indirect
1017,Godwin,"Kashian, A., Rajabifard, A., Richter, K.-F., & Chen, Y. (2019). Automatic analysis of positional plausibility for points of interest in OpenStreetMap using coexistence patterns. International Journal of Geographical Information Science, 33(7), 1420–1443.","computer science, engineering",geo-information,"shaping contributions, data quality","Australia, Sweden","Australia & Oceania, Europe","France, Germany, Australia, Spain, Canada",partial/partial,contributors producing data,contribution
58,Peter,"Fonte, Cidalia C., & Martinho, N. (2017). Assessing the applicability of OpenStreetMap data to assist the validation of land use/land cover maps. International Journal of Geographical Information Science, 31(12), 2382–2400. https://doi.org/10.1080/13658816.2017.1358814","geo-information, exact sciences",geo-information,"data quality, application",Portugal,Europe,"France, United Kingdom",no, data produced by contributors,none
4,Yair,"Alhamwi, A., Medjroubi, W., Vogt, T., & Agert, C. (2017). OpenStreetMap data in modelling the urban energy infrastructure: A first assessment and analysis. Energy Procedia, 142, 1968–1976. https://doi.org/10.1016/j.egypro.2017.12.397",engineering,engineering,data quality,Germany,Europe,Germany,full,OSM as a data source,none
5,Marco,"Ali, A. L. (2016). Tackling the thematic accuracy of areal features in OpenStreetMap. In C. Capineri, M. Haklay, H. Huang, V. Antoniou, J. Kettunen, F. Ostermann, & R. Purves, European Handbook of Crowdsourced Geographic Information (pp. 114–129). London: Ubiquity Press.",interdisciplinary,geo-information,"data quality, data enrichment, development",Germany,Europe,Germany,full,a diverse community,contribution
6,Godwin,"Ali, Ahmed Loai, Sirilertworakul, N., Zipf, A., & Mobasheri, A. (2016). Guided Classification System for Conceptual Overlapping Classes in OpenStreetMap. ISPRS International Journal of Geo-Information, 5(6), 87. https://doi.org/10.3390/ijgi5060087","informatics, geo-information",geo-information,data quality,"Germany, Egypt, Thailand","Europe, Africa, Asia",Germany,partial/full,contributors producing data,object of study - indirect
34,Yair,"Bulatov, D., Haufel, G., Lucks, L., & Pohl, M. (2019). Land Cover Classification in Combined Elevation and Optical Image...: Ingenta Connect. Photogrammetric Engineering & Remote Sensing, 85(3), 179–195. https://doi.org/10.14358/PERS.85.3.179",geo-information,geo-information,application,Germany,Europe,Germany,full,OSM as a data source,none
53,Peter,"Fan, H., Yang, A., & Zipf, A. (2016). The intrinsic quality assessment of building footprints data on OpenStreetMap in Baden-Württemberg. Flächennutzungsmonitoring VIII Flächensparen-Ökosystemleistungen-Handlungsstrategien; RHOMBOS: Berlin, Germany, 253–260.",geo-information,geo-information,data quality,Germany,Europe,Germany,full,OSM as a data source,none
56,Godwin,"Fleischmann, P., Pfister, T., Oswald, M., & Berns, K. (2016). Using OpenStreetMap for Autonomous Mobile Robot Navigation. International Conference on Intelligent Autonomous Systems, 883–895. Springer.",computer science,computer science,application,Germany,Europe,Germany,full,OSM as a data source,none
57,Levente,"Fonte, Cidália C., Lopes, P., See, L., & Bechtel, B. (2019). Using OpenStreetMap (OSM) to enhance the classification of local climate zones in the framework of WUDAPT. Urban Climate, 28, 100456. https://doi.org/10.1016/j.uclim.2019.100456","exact sciences, informatics, social sciences",interdisciplinary,application,"Portugal, Austria, Germany",Europe,Germany,partial/full,OSM as a data source,none
72,Levente,"Hennig, S. (2017). OpenStreetMap used in protected area management. The example of the recreational infrastructure in Berchtesgaden National Park. Eco Mont-Journal on Protected Mountain Areas Research, 9(2), 30–41. https://doi.org/10.1553/eco.mont-9-2s30",geo-information,interdisciplinary,shaping contributions,Austria,Europe,Germany,no,a unified community,"acknowledgement, meaningful development, contribution"
96,Godwin,"Maack, J., Lingenfelder, M., Eilers, C., Smaltschinski, T., Weinacker, H., Jaeger, D., & Koch, B. (2017). Estimating the spatial distribution, extent and potential lignocellulosic biomass supply of Trees Outside Forests in Baden-Wuerttemberg using airborne LiDAR and OpenStreetMap data. International Journal of Applied Earth Observation and Geoinformation, 58, 118–125. https://doi.org/10.1016/j.jag.2017.02.002","geo-information, exact sciences",geo-information,application,Germany,Europe,Germany,full,OSM as a data source,acknowledgement
99,Yair,"Mobasheri, A. (2017). A Rule-Based Spatial Reasoning Approach for OpenStreetMap Data Quality Enrichment; Case Study of Routing and Navigation. Sensors, 17(11), 2498. https://doi.org/10.3390/s17112498",geo-information,informatics,data enrichment,Germany,Europe,Germany,full,data produced by contributors,occasional development
100,Marco,"Mobasheri, A., Huang, H., Degrossi, L. C., & Zipf, A. (2018). Enrichment of OpenStreetMap Data Completeness with Sidewalk Geometries Using Data Mining Techniques. Sensors, 18(2), 509. https://doi.org/10.3390/s18020509","geo-information, computer science",informatics,data enrichment,"Germany, Switzerland, Brazil","Europe, South America",Germany,partial/full,a collaborative project based on contributors,meaningful development
101,Godwin,"Mobasheri, A., Sun, Y., Loos, L., & Ali, A. L. (2017). Are Crowdsourced Datasets Suitable for Specialized Routing Services? Case Study of OpenStreetMap for Routing of People with Limited Mobility. Sustainability, 9(6), 997. https://doi.org/10.3390/su9060997","geo-information, informatics",interdisciplinary,application,"Germany, United Kingdom, Egypt","Europe, Africa",Germany,partial/full,OSM as a data source,occasional development
116,Godwin,"Novack, T., Wang, Z., & Zipf, A. (2018). A System for Generating Customized Pleasant Pedestrian Routes Based on OpenStreetMap Data. Sensors, 18(11), 3794. https://doi.org/10.3390/s18113794",geo-information,informatics,application,Germany,Europe,Germany,full,data produced by contributors,object of study - direct
128,Peter,"Richter, A., Friedl, H., & Scholz, M. (2016). Beyond OSM–Alternative Data Sources and Approaches Enhancing Generation of Road Networks for Traffic and Driving Simulations. SUMO2016–Traffic, Mobility, and Logistics, 23–25.",engineering,engineering,"application, review, data quality",Germany,Europe,Germany,no,data produced by contributors,none
133,Peter,"Schiefelbein, J., Rudnick, J., Scholl, A., Remmen, P., Fuchs, M., & Müller, D. (2019). Automated urban energy system modeling and thermal building simulation based on OpenStreetMap data sets. Building and Environment, 149, 630–639. https://doi.org/10.1016/j.buildenv.2018.12.025",engineering,interdisciplinary,"application, development",Germany,Europe,Germany,full,OSM as a data source,none
134,Yair,"Schultz, M., Voss, J., Auer, M., Carter, S., & Zipf, A. (2017). Open land cover from OpenStreetMap and remote sensing. International Journal of Applied Earth Observation and Geoinformation, 63, 206–213. https://doi.org/10.1016/j.jag.2017.07.014",geo-information,geo-information,application,"Germany, Netherlands",Europe,Germany,partial/full,data produced by contributors,none
140,Marco,"Shahzad, and M., & Zhu, X. X. (2017). Building height estimation in single SAR image using OSM building footprints. 2017 Joint Urban Remote Sensing Event (JURSE), 1–4. https://doi.org/10.1109/JURSE.2017.7924549",geo-information,geo-information,application,Germany,Europe,Germany,full,OSM as a data source,none
146,Godwin,"Suger, B., & Burgard, W. (2017). Global outer-urban navigation with OpenStreetMap. 2017 IEEE International Conference on Robotics and Automation (ICRA), 1417–1422. IEEE.",computer science,computer science,application,Germany,Europe,Germany,full,OSM as a data source,none
161,Godwin,"Wang, Z., & Niu, L. (2018). A Data Model for Using OpenStreetMap to Integrate Indoor and Outdoor Route Planning. Sensors, 18(7), 2100. https://doi.org/10.3390/s18072100","geo-information, informatics",informatics,application,"Germany, China","Europe, Asia",Germany,partial/full,OSM as a data source,none
176,Godwin,"Zheng, Y., & Izzat, I. H. (2018). Exploring OpenStreetMap Capability for Road Perception. 2018 IEEE Intelligent Vehicles Symposium (IV), 1438–1443. IEEE.",engineering,informatics,application,United States,North America,Germany,no,OSM as a data source,none
1018,Godwin,"Keler, A., Grigoropoulos, G., & Mussack, D. (2019). Enriching complex road intersections from OSM with traffic-related behavioral information. 2, 1–3.",engineering,geo-information,application,Germany,Europe,Germany,full,OSM as a data source,none
1022,Godwin,"Ludwig, C., Hecht, R., Lautenbach, S., Schorcht, M., & Zipf, A. (2019). Assessing the Completeness of Urban Green Spaces in OpenStreetMap. Editors, 21. It is the short abstract of our SotM 2019 proceedings (only 2 pages), so we exclude it.",geo-information,geo-information,application,Germany,Europe,Germany,full,OSM as a data source,none
114,Yair,"Naumann, S., & Kovalyov, M. Y. (2017). Pedestrian route search based on OpenStreetMap. In Intelligent transport systems and travel behaviour (pp. 87–96). Springer.",informatics,social sciences,application,"Germany, Belarus",Europe,"Germany, Austria",partial/partial,OSM as a data source,none
162,Levente,"Wang, Z., & Zipf, A. (2017). Using OpenStreetMap Data to Generate Building Models with their Inner Structures for 3D Maps. ISPRS Annals of Photogrammetry, Remote Sensing & Spatial Information Sciences, 4. https://doi.org/10.5194/isprs-annals-IV-2-W4-411-2017",geo-information,geo-information,application,Germany,Europe,"Germany, France, United Kingdom",full,data produced by contributors,none
167,Levente,"Yang, A., Fan, H., & Jing, N. (2016). Amateur or Professional: Assessing the Expertise of Major Contributors in OpenStreetMap Based on Contributing Behaviors. Isprs International Journal of Geo-Information, 5(2), 21. https://doi.org/10.3390/ijgi5020021","geo-information, engineering",geo-information,contributors,"Germany, China","Europe, Asia","Germany, France, United Kingdom",partial/partial,a unified community,object of study - indirect
168,Peter,"Yang, A., Fan, H., Jing, N., Sun, Y., & Zipf, A. (2016). Temporal Analysis on Contribution Inequality in OpenStreetMap: A Comparative Study for Four Countries. ISPRS International Journal of Geo-Information, 5(1). https://doi.org/10.3390/ijgi5010005","geo-information, engineering",geo-information,"analyzing contributions, contributors","China, Germany","Europe, Asia","Germany, France, United States, Netherlands",partial/partial,a diverse community,"object of study - indirect, acknowledgement"
15,Marco,"Audebert, N., Le Saux, B., & Lefèvre, S. (2017). Joint learning from earth observation and openstreetmap data to get faster better semantic maps. Proceedings of the IEEE Conference on Computer Vision and Pattern Recognition Workshops, 67–75.","informatics, engineering",computer science,application,France,Europe,"Germany, Hong Kong, France, Italy, Brazil, Netherlands, United States, Spain, China",partial/partial,data produced by contributors,none
19,Yair,"Basiri, A., Jackson, M., Amirian, P., Pourabdollah, A., Sester, M., Winstanley, A., … Zhang, L. (2016). Quality assessment of OpenStreetMap data using trajectory mining. Geo-Spatial Information Science, 19(1), 56–68.","geo-information, computer science, engineering",geo-information,"data quality,development","United Kingdom, Germany, Ireland, Israel","Europe, Asia","Germany, Ireland",partial/full,contributors producing data,none
180,Marco,"Zhuo, X., Fraundorfer, F., Kurz, F., & Reinartz, P. (2018). Optimization of OpenStreetMap Building Footprints Based on Semantic Information of Oblique UAV Images. Remote Sensing, 10(4), 624. https://doi.org/10.3390/rs10040624","computer science, geo-information",geo-information,"application, data enrichment","Germany, Austria",Europe,"Germany, Switzerland",partial/partial,data produced by contributors,meaningful development
1023,Godwin,"Ludwig, C., & Zipf, A. (2019). Exploring regional differences in the representation of urban green spaces in OpenStreetMap.",geo-information,geo-information,application,Germany,Europe,"Germany, Tanzania, Israel",partial/partial,OSM as a data source,acknowledgement
8,Peter,"Almendros-Jiménez, J. M., Becerra-Terón, A., & Torres, M. (2017). Integrating and Querying OpenStreetMap and Linked Geo Open Data. The Computer Journal, 62(3), 321–345.",informatics,computer science,"development,review",Spain,Europe,Global,no,OSM as a data source,acknowledgement
9,Yair,"Anderson, J., Sarkar, D., & Palen, L. (2019). Corporate Editors in the Evolving Landscape of OpenStreetMap. ISPRS International Journal of Geo-Information, 8(5), 232. https://doi.org/10.3390/ijgi8050232","computer science, social sciences, informatics",geo-information,analyzing contributions,"United States, Singapore","North America, Asia",Global,no,a diverse community,"acknowledgement, object of study - indirect"
21,Godwin,"Bégin, D., Devillers, R., & Roche, S. (2017a). Contributors’ enrollment in collaborative online communities: The case of OpenStreetMap. Geo-Spatial Information Science, 20(3), 282–295.",geo-information,geo-information,contribution behaviors,Canada,North America,Global,no,contributors producing data,contribution
22,Levente,"Bégin, D., Devillers, R., & Roche, S. (2017b). Contributors’ Withdrawal from Online Collaborative Communities: The Case of OpenStreetMap. ISPRS International Journal of Geo-Information, 6(11), 340.","social sciences, geo-information",geo-information,contribution behaviors,Canada,North America,Global,no,a unified community,"occasional development, object of study - indirect"
51,Godwin,"Eckle, M., de Albuquerque, J. P., Herfort, B., Zipf, A., Leiner, R., Wolff, R., & Jacobs, C. (2016). Leveraging OpenStreetMap to Support Flood Risk Management in Municipalities: A Prototype Decision Support System. ISCRAM.","geo-information, interdisciplinary",informatics,development,"Germany, United Kingdom",Europe,Global,no,a collaborative project based on contributors,occasional development
81,Godwin,"Juhász, L., & Hochmair, H. H. (2016). Cross-Linkage Between Mapillary Street Level Photos and OSM Edits. In T. Sarjakoski, M. Y. Santos, & L. T. Sarjakoski (Eds.), Geospatial Data in a Changing World (pp. 141–156). Springer International Publishing.",geo-information,geo-information,analyzing contributions,United States,North America,Global,no,data produced by contributors,acknowledgement
82,Levente,"Juhász, L., & Hochmair, H. H. (2017). How do volunteer mappers use crowdsourced Mapillary street level images to enrich OpenStreetMap. Proceedings of the 20th AGILE Conference on Geo-Information Science, Wageningen, The Netherlands, 18–21.",geo-information,geo-information,contribution behaviors,United States,North America,Global,no,a social product,object of study - indirect
104,Yair,"Mocnik, F.-B., Mobasheri, A., & Zipf, A. (2018). Open source data mining infrastructure for exploring and analysing OpenStreetMap. Open Geospatial Data, Software and Standards, 3(1), 7.",geo-information,geo-information,"development, analyzing contributions",Germany,Europe,Global,no,a social product,"occasional development, acknowledgement, object of study - indirect"
119,Yair,"Plennert, M. (2018). The social construction of technological stasis: The stagnating data structure in OpenStreetMap. Big Data & Society, 5(2), 2053951718790591. https://doi.org/10.1177/2053951718790591",social sciences,social sciences,"contributors, analyzing contributions",Germany,Europe,Global,no,a social product,"occasional development, object of study - direct, object of study - indirect"
121,Godwin,"Posada-Sánchez, M., Bischof, S., & Polleres, A. (2016). Extracting Geo-Semantics About Cities From OpenStreetMap. SEMANTiCS (Posters, Demos, SuCCESS).","social sciences, informatics",informatics,application,Austria,Europe,Global,no,OSM as a data source,none
156,Godwin,"Tutić, D., Jogun, T., Kuveždić Divjak, A., & Triplat Horvat, M. (2017). World political map from OpenStreetMap data. Journal of Maps, 13(1), 67–73.",exact sciences,geo-information,application,Croatia,Europe,Global,no,OSM as a data source,none
1009,Peter,"Grinberger, A. Y., Schott, M., Raifer, M., Troilo, R., & Zipf, A. (2019). The institutional contexts of volunteered geographic information production: A quantitative exploration of OpenStreetMap data.",geo-information,geo-information,"contributors,analyzing contributions,OSM effects",Germany,Europe,Global,no,contributors producing data,meaningful development
1035,Godwin (for Levente),"Sun, X., Wandelt, S., & Hansen, M. (2019). Airport Road Access at Planet Scale using Population Grid and Openstreetmap. Networks and Spatial Economics, 1–27.",engineering,interdisciplinary,application,"China, United States","Asia, North America",Global,no,OSM as a data source,none
88,Peter,"Kogan, M., Anderson, J., Palen, L., Anderson, K. M., & Soden, R. (2016). Finding the way to OSM mapping practices: Bounding large crisis datasets for qualitative investigation. Proceedings of the 2016 CHI Conference on Human Factors in Computing Systems, 2783–2795. ACM.",computer science,interdisciplinary,"contribution behaviors, contributors",United States,North America,Haiti,no,a social product,none
85,Marco,"Kaur, K., Sehra, S. S., Arora, P., & Sehra, S. (2017). SpatialHadoop: For OpenStreetMap data. 2017 International Conference on Inventive Systems and Control (ICISC), 1–7. https://doi.org/10.1109/ICISC.2017.8068697",engineering,informatics,application,India,Asia,India,full,OSM as a data source,none
135,Marco,"Sehra, S., Singh, J., & Rai, H. (2017). Assessing OpenStreetMap data using intrinsic quality indicators: An extension to the QGIS processing toolbox. Future Internet, 9(2), 15.","interdisciplinary, computer science, engineering",informatics,"data quality, development",India,Asia,India,full,data produced by contributors,none
136,Godwin,"Sehra, S. Singh, Singh, J., & Rai, H. S. (2016). Analysing OpenStreetMap data for topological errors. Int. J. Spat. Temporal Multimed. Inf. Syst, 1(1), 87–101.","computer science, engineering",informatics,data quality,India,Asia,India,full,OSM as a data source,occasional development
1008,Marco,"Grewal, K. K., Sehra, S. S., Singh, J., & Rai, H. S. (2019). An augmented reality based tool for contribution to OpenStreetMap. International Journal of Information Technology, 12(2), 345–352.",engineering,computer science,data enrichment,"India, Canada","Asia, North America",India,partial/full,data produced by contributors,contribution
1032,Yair,"Sehra, S. S., Singh, J., Rai, H. S., & Anand, S. S. (2019). Extending Processing Toolbox for assessing the logical consistency of OpenStreetMap data. Transactions in GIS.","computer science, engineering",geo-information,data quality,"Canada, India","North America, Asia",India,partial/full,data produced by contributors,none
110,Marco,"Muttaqien, B. I., Ostermann, F. O., & Lemmens, R. L. G. (2018). Modeling aggregated expertise of user contributions to assess the credibility of OpenStreetMap features. Transactions in GIS, 22(3), 823–841. https://doi.org/10.1111/tgis.12454",geo-information,geo-information,"data quality, contribution behaviors, analyzing contributions","Indonesia, Netherlands","Europe, Asia",Indonesia,partial/full,contributors producing data,"meaningful development, object of study - indirect"
117,Levente,"Patel, N. N., Stevens, F. R., Huang, Z., Gaughan, A. E., Elyazar, I., & Tatem, A. J. (2017). Improving large area population mapping using geotweet densities. Transactions in GIS, 21(2), 317–331.","geo-information, social sciences",geo-information,application,"United States, United Kingdom, Sweden, Indonesia","North America, Europe, Asia",Indonesia,partial/full,OSM as a data source,none
148,Peter,"Swasti Kanthi, N., & Hery Purwanto, T. (2016). Application of OpenStreetMap (OSM) to Support the Mapping Village in Indonesia. IOP Conference Series: Earth and Environmental Science, 47, 012003.",geo-information,exact sciences,"OSM effects, contribution behaviors",Indonesia,Asia,Indonesia,full, data produced by contributors,none
98,Peter,"Mirvahabi, S. S., & ABASPOUR, R. (2016). Extraction of CityGML Building Models in LOD4 Based on Voluntary Data of OSM Database.","engineering, geo-information",geo-information,"application, data quality",Iran,Asia,Iran,full,OSM as a data source,none
113,Peter,"Nasiri, A., Abbaspour, R. A., Chehreghan, A., & Arsanjani, J. J. (2018). Improving the Quality of Citizen Contributed Geodata through Their Historical Contributions: The Case of the Road Network in OpenStreetMap. Isprs International Journal of Geo-Information, 7(7), 253. https://doi.org/10.3390/ijgi7070253","engineering, geo-information",geo-information,data quality,"Iran, Denmark","Asia, Europe",Iran,partial/full,data produced by contributors,none
35,Marco,"Carraro, V., & Wissink, B. (2018). Participation and marginality on the geoweb: The politics of non-mapping on OpenStreetMap Jerusalem. Geoforum, 90, 64–73. https://doi.org/10.1016/j.geoforum.2018.02.001",social sciences,social sciences,"contribution behaviors, analyzing contributions, contributors",Hong Kong,Asia,Israel,no,a social product,"object of study - direct, object of study - indirect"
1005,Marco,"Bshouty, E., & Dalyot, S. (2019). Calculating OpenStreetMap Building Heights from Single User-Generated Photographs. IGARSS 2019 - 2019 IEEE International Geoscience and Remote Sensing Symposium, 855–858.","engineering, geo-information",geo-information,"application, data enrichment",Israel,Asia,Israel,full,data produced by contributors,occasional development
26,Godwin,"Bittner, C. (2017). OpenStreetMap in Israel and Palestine - “Game changer” or reproducer of contested cartographies? Political Geography, 57, 34–48. https://doi.org/10.1016/j.polgeo.2016.11.010",social sciences,social sciences,"analyzing contributions, contributors",Germany,Europe,"Israel, Palestine",no,a social product,object of study - direct
31,Godwin,"Brovelli, MARIA ANTONIA, Minghini, M., Molinari, M. E., & Zamboni, G. (2016). Positional accuracy assessment of the OpenStreetMap buildings layer through automatic homologous pairs detection: The method and a case study. International Archives of the Photogrammetry, Remote Sensing and Spatial Information Sciences, 41, 615–620.",engineering,geo-information,data quality,Italy,Europe,Italy,full,data produced by contributors,occasional development
32,Levente,"Brovelli, Maria Antonia, Minghini, M., Molinari, M., & Mooney, P. (2017). Towards an Automated Comparison of OpenStreetMap with Authoritative Road Datasets. Transactions in GIS, 21(2), 191–206. https://doi.org/10.1111/tgis.12182","engineering, computer science",geo-information,data quality,"Italy, Ireland",Europe,Italy,partial/full,a social product,none
33,Peter,"Brovelli, Maria Antonia, & Zamboni, G. (2018). A New Method for the Assessment of Spatial Accuracy and Completeness of OpenStreetMap Building Footprints. ISPRS International Journal of Geo-Information, 7(8), 289. https://doi.org/10.3390/ijgi7080289",geo-information,geo-information,data quality,Italy,Europe,Italy,full,data produced by contributors,none
1029,Yair,"PEZZICA, C., CUTINI, V., & DE SOUZA, C. B. (2019). RAPID CONFIGURATIONAL ANALYSIS USING OSM DATA. Proceedings of the 12th Space Syntax Symposium, 147.",social sciences,geo-information,application,Italy,Europe,Italy,full,data produced by contributors,none
59,Yair,"Fonte, Cidália Costa, Minghini, M., Antoniou, V., See, L., Patriarca, J., Brovelli, M. A., & Milcinski, G. (2016). An automated methodology for converting OSM data into a land use/cover map. Proceedings of the 6 Th International Conference on Cartography & GIS, 462–473.","exact sciences, engineering, geo-information, computer science",geo-information,application,"Portugal, Italy, Greece, Austria, Slovenia",Europe,"Italy, France",partial/partial,a collaborative project based on contributors,none
115,Marco,"Noskov, A., Grinberger, A. Y., Papapesios, N., Rousell, A., Troilo, R., & Zipf, A. (2019). Modelling and Assessing Spatial Big Data: Use Cases of the OpenStreetMap Full-History Dump. Spatial Planning in the Big Data Revolution, 16–44. https://doi.org/10.4018/978-1-5225-7927-4.ch002","geo-information, engineering",informatics,"data quality, contribution behaviors, analyzing contributions, development","Germany, United Kingdom",Europe,"Italy, United Kingdom, Germany, Israel",partial/full,contributors producing data,meaningful development
46,Godwin,"Davidovic, N., Mooney, P., Stoimenov, L., & Minghini, M. (2016). Tagging in Volunteered Geographic Information: An Analysis of Tagging Practices for Cities and Urban Regions in OpenStreetMap. Isprs International Journal of Geo-Information, 5(12), 232. https://doi.org/10.3390/ijgi5120232","engineering, computer science",geo-information,contribution behaviors,"Serbia, Ireland, Italy",Europe,"Kazakhstan, Mali, Thailand, China, Colombia, United States, Hungary, Argentina, United Kingdom, Ireland, Germany, Finland, South Africa, Ukraine, Japan, Nigeria, France, Spain, Mexico, Italy, Liberia, Kenya, India, Serbia, Norway, Canada, Czech Republic, Russia, Brazil, Singapore, Australia, Austria, Lithuania, Poland",partial/partial,contributors producing data,meaningful development
78,Peter,"Jedlička, K., Hájek, P., Cada, V., Martolos, J., Št’astnỳ, J., Beran, D., … Kozhukh, D. (2016). Open transport map—Routable OpenStreetMap. 2016 IST-Africa Week Conference, 1–11. IEEE.",computer science,interdisciplinary,development,Czech Republic,Europe,"Latvia, United Kingdom, France, Belgium, Czech Republic",partial/partial,OSM as a data source,none
36,Godwin,"Chen, J., & Zipf, A. (2017). DeepVGI: Deep learning with volunteered geographic information. Proceedings of the 26th International Conference on World Wide Web Companion, 771–772. International World Wide Web Conferences Steering Committee.",geo-information,interdisciplinary,application,Germany,Europe,Malawi,no,contributors producing data,none
65,Marco,"Gardner, Zoe, & Mooney, P. (2018). Investigating gender differences in OpenStreetMap activities in Malawi: A small case-study. Proceedings of the AGILE Conference, 12–15.","social sciences, computer science",geo-information,contributors,"United Kingdom, Ireland",Europe,Malawi,no,contributors producing data,"object of study - direct, object of study - indirect"
169,Yair,"Yang, D. (2019). Mapping Regional Landscape by Using OpenStreetMap (OSM): A Case Study to Understand Forest Patterns in Maya Zone, Mexico. In Environmental Information Systems: Concepts, Methodologies, Tools, and Applications (pp. 771–790). IGI Global.",social sciences,geo-information,application,United States,North America,Mexico,no,OSM as a data source,none
12,Levente,"Antoniou, V., & Skopeliti, A. (2017). The Impact of the Contribution Microenvironment on Data Quality: The Case of OSM. In G. Foody, L. See, S. Fritz, P. Mooney, A.-M. Olteanu-Raimond, C. Fonte, & V. Antoniou, Mapping and the Citizen Sensor (pp. 165–196). London: Ubiquity Press.","geo-information, engineering",geo-information,analyzing contributions,Greece,Europe,NA,NA,a social product,contribution
17,Levente,"Ballardini, A. L., Cattaneo, D., Fontana, S., & Sorrenti, D. G. (2016). Leveraging the OSM building data to enhance the localization of an urban vehicle. 2016 IEEE 19th International Conference on Intelligent Transportation Systems (ITSC), 622–628. IEEE.",informatics,social sciences,application,Italy,Europe,NA,NA,OSM as a data source,none
18,Peter,"Basiri, A., Amirian, P., & Mooney, P. (2016). Using crowdsourced trajectories for automated OSM data entry approach. Sensors, 16(9), 1510.","geo-information, computer science",informatics,"data enrichment,development",United Kingdom,Europe,NA,NA,data produced by contributors,none
20,Marco,"Begin, D., Devillers, R., & Roche, S. (2016). The life cycle of volunteered geographic information (VGI) contributors: The OpenStreetMap example. International Conference on GIScience Short Paper Proceedings, 1(1).","social sciences, geo-information",geo-information,"contribution behaviors, analyzing contributions",Canada,North America,NA,NA,contributors producing data,"occasional development, object of study - indirect"
23,Peter,"Begin, D., Devillers, R., & Roche, S. (2018). The life cycle of contributors in collaborative online communities -the case of OpenStreetMap. International Journal of Geographical Information Science, 32(8), 1611–1630. https://doi.org/10.1080/13658816.2018.1458312",geo-information,geo-information,contribution behaviors,Canada,North America,NA,NA,contributors producing data,none
27,Levente,"Boeing, G. (2017). OSMnx: A Python package to work with graph-theoretic OpenStreetMap street networks.",social sciences,computer science,development,United States,North America,NA,NA,OSM as a data source,none
64,Yair,"Gardner, Z, Mooney, P., Dowthwaite, L., & Foody, G. (n.d.). Gender differences in OpenStreetMap contributor activity, editing and tagging behaviour. GISRUK 2018: Proceedings of the Geographical Information Science Research UK Conference, 17th-20th April, Leicester","geo-information, computer science, social sciences",geo-information,contribution behaviors,"United Kingdom, Ireland",Europe,NA,NA,a collaborative project based on contributors,"object of study - direct, acknowledgement, contribution"
69,Yair,"Haas, C., & Riezler, S. (2016). A corpus and semantic parser for multilingual natural language querying of openstreetmap. Proceedings of the 2016 Conference of the North American Chapter of the Association for Computational Linguistics: Human Language Technologies, 740–750.",social sciences,social sciences,development,Germany,Europe,NA,NA,data produced by contributors,"contribution, acknowledgement"
75,Marco,"Huber, S., & Rust, C. (2016). Calculate travel time and distance with OpenStreetMap data using the Open Source Routing Machine (OSRM). Stata Journal, 16(2), 416–423. https://doi.org/10.1177/1536867X1601600209",social sciences,interdisciplinary,development,Germany,Europe,NA,NA,OSM as a data source,none
84,Yair,"Kaur, J., Singh, J., Sehra, S. S., & Rai, H. S. (2017). Systematic Literature Review of Data Quality Within OpenStreetMap. 2017 International Conference on Next Generation Computing and Information Systems (ICNGCIS), 177–182. https://doi.org/10.1109/ICNGCIS.2017.35",computer science,computer science,"review, data quality",India,Asia,NA,NA,a collaborative project based on contributors,occasional development
89,Yair,"Lawrence, C., & Riezler, S. (2016). NLmaps: A natural language interface to query openstreetmap. Proceedings of COLING 2016, the 26th International Conference on Computational Linguistics: System Demonstrations, 6–10.",social sciences,social sciences,development,Germany,Europe,NA,NA,data produced by contributors,"acknowledgement, occasional development"
103,Peter,"Mocnik, F.-B., Ludwig, C., Grinberger, A. Y., Jacobs, C., Klonner, C., & Raifer, M. (2019). Shared Data Sources in the Geographical Domain—A Classification Schema and Corresponding Visualization Techniques. ISPRS International Journal of Geo-Information, 8(5), 242. https://doi.org/10.3390/ijgi8050242",geo-information,geo-information,"review, OSM effects",Germany,Europe,NA,NA,a social product,none
105,Marco,"Mocnik, F.-B., Zipf, A., & Raifer, M. (2017). The OpenStreetMap folksonomy and its evolution. Geo-Spatial Information Science, 20(3), 219–230.",social sciences,geo-information,analyzing contributions,Germany,Europe,NA,NA,a collaborative project based on contributors,object of study - indirect
108,Peter,"Mooney, P., & Minghini, M. (2017). A review of OpenStreetMap data.",geo-information,geo-information,review,"Ireland, Italy",Europe,NA,NA,a social product ,"acknowledgement, occasional development"
109,Yair,"Mooney, P., Schouppe, J., & Ostermann, F. O. (2018, July). Coordinating improved communication between the academic and OpenStreetMap communities : Abstract. Retrieved from https://research.utwente.nl/en/publications/coordinating-improved-communication-between-the-academic-and-open",,,,"Ireland, Netherlands",Europe,NA,,a diverse community,participation
112,Levente,"Naik, L., Blumenthal, S., Huebel, N., Bruyninckx, H., & Prassler, E. (2019). Semantic mapping extension for OpenStreetMap applied to indoor robot navigation. Retrieved from https://pub.h-brs.de/frontdoor/index/index/docId/4361",computer science,computer science,data enrichment,"Germany, Belgium",Europe,NA,NA,a collaborative project based on contributors,none
127,Levente,"Raifer, M., Troilo, R., Kowatsch, F., Auer, M., Loos, L., Marx, S., … Zipf, A. (2019). OSHDB: A framework for spatio-temporal analysis of OpenStreetMap history data. Open Geospatial Data, Software and Standards, 4(1), 3. https://doi.org/10.1186/s40965-019-0061-3","geo-information, computer science",geo-information,analyzing contributions,Germany,Europe,NA,NA,a social product ,"contribution, acknowledgement"
130,Marco,"Rousell, A., Hahmann, S., & Mobasheri, A. (2016). A two-tiered approach to OSM data collection for novice users. The 19th AGILE International Conference on Geographic Information Science.",geo-information,geo-information,"shaping contributions, development",Germany,Europe,NA,NA,contributors producing data,"meaningful development, contribution"
137,Levente,"Sehra, Sukhjit Singh, Singh, J., & Rai, H. S. (2017). Using Latent Semantic Analysis to Identify Research Trends in OpenStreetMap. ISPRS International Journal of Geo-Information, 6(7), 195. https://doi.org/10.3390/ijgi6070195","computer science, engineering",geo-information,review,India,Asia,NA,NA,a diverse community,occasional development
138,Peter,"Sehra, Sukhjit Singh, Verma, P., Kaur, N., Singh, J., & Rai, H. S. (n.d.). Mobile Device Interface for Mining OpenStreetMap to Analyse User Contribution. Vol, 10, 261–269.","computer science, engineering",computer science,"shaping contributions, analyzing contributions",India,Asia,NA,NA, data produced by contributors,none
164,Yair,"Xing, H., Meng, Y., Chen, J., Song, J., & Fan, K. (2018). Employing Incremental Outlines for OpenStreetMap Data Updating. Isprs International Journal of Geo-Information, 7(7), 277. https://doi.org/10.3390/ijgi7070277","social sciences, geo-information",geo-information,"data quality, data enrichment",China,Asia,NA,NA,contributors producing data,contribution
1001,Marco,"Ahmadian, S., & Hakimpour, F. (2019). ONTOLOGICAL ASSESSMENT AND SIGNIFICANCE OF SEMANTIC LEVELS OF TAGS IN OPENSTREETMAP. International Archives of the Photogrammetry, Remote Sensing & Spatial Information Sciences, Volume XLII-4/W18, 29-33.",engineering,geo-information,"analyzing contributions, shaping contributions",Iran,Asia,NA,NA,data produced by contributors,occasional development
1030,Yair,"Quinn, S., & Bull, F. (2019). Understanding Threats to Crowdsourced Geographic Data Quality Through a Study of OpenStreetMap Contributor Bans. Nicolas Valcik. Geospatial Information System Use in Public Organizations: How and Why GIS Should Be Used by the Public Sector. CRC Press, Boca Raton, FL.","social sciences, geo-information",geo-information,"contributors, contribution behaviors",United States,North America,NA,NA,a diverse community,"contribution, object of study - indirect"
1036,Godwin (for Levente),"Wilmott, C. (2019). “Mapping-with”: The Politics of (Counter-) classification in OpenStreetMap. Cartographic Perspectives, 92, 43–57.",geo-information,geo-information,application,Australia,Australia & Oceania,NA,NA,a social product,"acknowledgement, object of study - indirect"
10,Marco,"Anderson, J., Soden, R., Anderson, K. M., Kogan, M., & Palen, L. (2016). EPIC-OSM: A software framework for OpenStreetMap Data Analytics. 2016 49th Hawaii International Conference on System Sciences (HICSS), 5468–5477. IEEE.","computer science, informatics",informatics,development,United States,North America,Nepal,no,contributors producing data,"meaningful development, contribution"
11,Godwin,"Anhorn, J., Herfort, B., & de Albuquerque, J. P. (2016). Crowdsourced Validation and Updating of Dynamic Features in OpenStreetMap-An analysis of Shelter Mapping after the 2015 Nepal Earthquake. ISCRAM.","social sciences, geo-information, interdisciplinary",informatics,data quality,"Germany, United Kingdom",Europe,Nepal,no,contributors producing data,none
120,Marco,"Poiani, T. H., dos Santos Rocha, R., Degrossi, L. C., & de Albuquerque, J. P. (2016). Potential of collaborative mapping for disaster relief: A case study of OpenStreetMap in the Nepal earthquake 2015. 2016 49th Hawaii International Conference on System Sciences (HICSS), 188–197. IEEE.","computer science, geo-information",informatics,"analyzing contributions, contributors","Brazil, Germany","Europe, South America",Nepal,no,contributors producing data,"acknowledgement, object of study - indirect, participation"
1019,Godwin,"Khanal, N., Uddin, K., Matin, M. A., & Tenneson, K. (2019). Automatic Detection of Spatiotemporal Urban Expansion Patterns by Fusing OSM and Landsat Data in Kathmandu. Remote Sensing, 11(19), 2296.","informatics, interdisciplinary",geo-information,application,"Nepal, United States","Europe, South America",Nepal,partial/partial,OSM as a data source,none
16,Godwin,"Auer, M., Eckle, M., Fendrich, S., Griesbaum, L., Kowatsch, F., Marx, S., … Zipf, A. (2018). Towards Using the Potential of OpenStreetMap History for Disaster Activation Monitoring. Proceedings of the 15th ISCRAM Conference, Rochester, NY, USA, 20–23.",geo-information,informatics,application,Germany,Europe,"Nepal, Haiti, Philippines",no,contributors producing data,none
2,Levente,"Ahmouda, A., Hochmair, H. H., & Cvetojevic, S. (2018). Analyzing the effect of earthquakes on OpenStreetMap contribution patterns and tweeting activities. Geo-Spatial Information Science, 21(3), 195–212. https://doi.org/10.1080/10095020.2018.1498666",geo-information,geo-information,contribution behaviors,United States,North America,"Nepal, Italy",no,contributors producing data,object of study - indirect
60,Marco,"Fonte, Cidalia Costa, Minghini, M., Patriarca, J., Antoniou, V., See, L., & Skopeliti, A. (2017). Generating Up-to-Date and Detailed Land Use and Land Cover Maps Using OpenStreetMap and GlobeLand30. Isprs International Journal of Geo-Information, 6(4), 125. https://doi.org/10.3390/ijgi6040125","engineering, exact sciences, informatics, geo-information",geo-information,"application, development","Portugal, Italy, Greece, Austria",Europe,"Nepal, Tanzania",no,a collaborative project based on contributors,none
79,Yair,"Johnson, B. A., & Iizuka, K. (2016). Integrating OpenStreetMap crowdsourced data and Landsat time series imagery for rapid land use/land cover (LULC) mapping: Case study of the Laguna de Bay area of the Philippines. Applied Geography, 67, 140–149. https://doi.org/10.1016/j.apgeog.2015.12.006",exact sciences,social sciences,application,Japan,Asia,Philippines,no,data produced by contributors,none
1007,Marco,"Ghaffarian, S., Kerle, N., Pasolli, E., & Jokar Arsanjani, J. (2019). Post-disaster building database updating using automated deep learning: An integration of pre-disaster OpenStreetMap and multi-temporal satellite data. Remote Sensing, 11(20), 2427.","geo-information, exact sciences",geo-information,application,"Netherlands, Italy, Denmark",Europe,Philippines,no,data produced by contributors,none
41,Godwin,"Da Costa, J. N. (2016a). Novel tool for examination of data completeness based on a comparative study of VGI data and official building datasets. Geodetski Vestnik, 60(3), 495–508.",exact sciences,exact sciences,data quality,Poland,Europe,Poland,full,OSM as a data source,none
42,Levente,"Da Costa, J. N. (2016b). Towards building data semantic similarity analysis: OpenStreetMap and the Polish Database of Topographic Objects. 2016 Baltic Geodetic Congress (BGC Geomatics), 269–275. IEEE.","engineering, exact sciences",geo-information,data quality,Poland,Europe,Poland,full,a diverse community,acknowledgement
149,Yair,"Szwoch, G. (2019). Combining Road Network Data from OpenStreetMap with an Authoritative Database. Journal of Transportation Engineering Part A-Systems, 145(2), 04018085. https://doi.org/10.1061/JTEPBS.0000215",social sciences,social sciences,application,Poland,Europe,Poland,full,data produced by contributors,occasional development
94,Yair,"Lopes, P., Fonte, C., See, L., & Bechtel, B. (2017). Using OpenStreetMap data to assist in the creation of LCZ maps. 2017 Joint Urban Remote Sensing Event (JURSE), 1–4. IEEE.","exact sciences, geo-information",geo-information,application,"Portugal, Austria, Germany",Europe,Portugal,partial/full,data produced by contributors,none
106,Godwin,"Molinari, M. E., Minghini, M., Prestifilippo, G., Brovelli, M. A., & Mooney, P. (2016). An open source procedure to assess the quality of the OpenStreetMap road network. Mapping, Sensing, and Crowdsourcing Geographic Information, 1–1.","engineering,computer science",geo-information,data quality,"Italy, Ireland",Europe,"Portugal, France",no,OSM as a data source,none
1028,Yair,"Patriarca, J., Fonte, C. C., Estima, J., de Almeida, J.-P., & Cardoso, A. (2019). Automatic conversion of OSM data into LULC maps: Comparing FOSS4G based approaches towards an enhanced performance. Open Geospatial Data, Software and Standards, 4(1), 11.","computer science, exact sciences, interdisciplinary, informatics",geo-information,application,Portugal,Europe,"Portugal, United Kingdom, Italy",partial/partial,data produced by contributors,none
132,Levente,"Samsonov, T., & Trigub, K. (2017). Towards computation of urban local climate zones (LCZ) from openstreetmap data. Proceedings of the 14th International Conference on GeoComputation, Leeds, UK, 4–7.",geo-information,geo-information,application,Russia,Europe,Russia,full,OSM as a data source,none
62,Levente,"Forget, Y., Linard, C., & Gilbert, M. (2018). Supervised Classification of Built-Up Areas in Sub-Saharan African Cities Using Landsat Imagery and OpenStreetMap. Remote Sensing, 10(7), 1145. https://doi.org/10.3390/rs10071145",social sciences,geo-information,application,Belgium,Europe,"Senegal, Madgascar, Mozambique, Mali, South Africa, Uganda, Nigeria, Kenya, Namibia ",no,data produced by contributors,acknowledgement
1016,Peter,"Johnsona, B. A. (2019). How an augmented reality game (Pokémon GO) affected volunteer contributions to OpenStreetMap. 2.",engineering,informatics,"shaping contributions, contributors",Japan,Asia,South Korea,no,contributors producing data,object of study - direct
7,Levente,"Almendros-Jimenez, J. M., & Becerra-Teron, A. (2018). Analyzing the Tagging Quality of the Spanish OpenStreetMap. Isprs International Journal of Geo-Information, 7(8), 323. https://doi.org/10.3390/ijgi7080323",informatics,geo-information,data quality,Spain,Europe,Spain,full,OSM as a data source,none
66,Godwin,"Godoy, J., Artuñedo, A., & Villagra, J. (2019). Self-Generated OSM-Based Driving Corridors. IEEE Access, 7, 20113–20125. https://doi.org/10.1109/ACCESS.2019.2897348",computer science,interdisciplinary,application,Spain,Europe,Spain,full,OSM as a data source,acknowledgement
150,Marco,"Tayebi, A., Gomez, J., Saez de Adana, F., Gutierrez, O., & Fernandez de Sevilla, M. (2019). Development of a Web-Based Simulation Tool to Estimate the Path Loss in Outdoor Environments Using OpenStreetMap. Ieee Antennas and Propagation Magazine, 61(1), 123–129. https://doi.org/10.1109/MAP.2018.2883088",engineering,engineering,application,Spain,Europe,Spain,full,OSM as a data source,none
92,Levente,"Lindholm, D., James, S., Lagerqvist, B., Hlatky, M. A., & Varenhorst, C. (2017). New Method for Assessing the Effect of Driving Distance to Hospital Care Using OpenStreetMap Routing in Cardiovascular Research. Circulation-Cardiovascular Quality and Outcomes, 10(9), UNSP e003850. https://doi.org/10.1161/CIRCOUTCOMES.117.003850",exact sciences,exact sciences,application,"United States, Sweden","Europe, North America",Sweden,partial/full,OSM as a data source,none
122,Levente,"Pruvost, H., & Mooney, P. (2017). Exploring Data Model Relations in OpenStreetMap. Future Internet, 9(4), 70.","computer science, geo-information",interdisciplinary,analyzing contributions,"France, Ireland",Europe,"Switzerland, Italy, Austria, Spain",no,a social product,"acknowledgement, object of study - indirect, occasional development"
76,Godwin,"Hung, K.-C., Kalantari, M., & Rajabifard, A. (2016). Assessing the quality of building footprints on OpenStreetMap: A case study in Taiwan. SMART WORLD, 237.",geo-information,interdisciplinary,data quality,Australia,Australia & Oceania,Taiwan,no,data produced by contributors,acknowledgement
141,Godwin,"Shiau, S. J. H., Huang, C.-Y., Yang, C.-L., & Juang, J.-N. (2018). A Derivation of Factors Influencing the Innovation Diffusion of the OpenStreetMap in STEM Education. Sustainability, 10(10), 3447. https://doi.org/10.3390/su10103447","engineering, computer science, social sciences",interdisciplinary,OSM effects,Taiwan,Asia,Taiwan,full,contributors producing data,object of study - direct
1021,Godwin,"Li, H., Herfort, B., & Zipf, A. (2019). Estimating OpenStreetMap Missing Built-up Areas using Pre-trained Deep Neural Networks. Proceedings of the 22nd AGILE, At Limassol, Cyprus, 17–20.",geo-information,geo-information,application,Germany,Europe,Tanzania,partial/partial,OSM as a data source,acknowledgement
157,Levente,"Vargas-Muñoz, J. E., Lobry, S., Falcão, A. X., & Tuia, D. (2019). Correcting rural building annotations in OpenStreetMap using convolutional neural networks. ISPRS Journal of Photogrammetry and Remote Sensing, 147, 283–293. https://doi.org/10.1016/j.isprsjprs.2018.11.010","geo-information, computer science",geo-information,data enrichment,"Brazil, Netherlands","South America, Europe","Tanzania, Zimbabwe",no,data produced by contributors,none
44,Yair,"Davidovic, N., & Mooney, P. (2016). Patterns of tagging in OpenStreetMap data in urban areas. In Proceedings of GISRUK 2016; Warboys, M., Wood, Z., Eds.; University of Greenwich: London, UK, 2016; pp. 30–35.","engineering, computer science",geo-information,analyzing contributions,"Serbia, Ireland",Europe,"Thailand, China, United States, Romania, Argentina, Ireland, Germany, Finland, South Africa, Japan, Spain, Mexico, Kenya, India, France, Norway, Canada, Russia, Singapore, Australia",no,a diverse community,meaningful development
45,Marco,"Davidovic, N., Mooney, P., & Stoimenov, L. (2016). An analysis of tagging practices and patterns in urban areas in OpenStreetMap. Proceedings of the AGILE 2016 Conference, Helsinki, Finland, 14–17.","computer science, engineering",geo-information,analyzing contributions,"Serbia, Ireland",Europe,"Thailand, China, United States, Romania, Argentina, Ireland, Germany, Finland, South Africa, Japan, United Kingdom, France, Spain, Mexico, Italy, Kenya, India, Serbia, Norway, Canada, Czech Republic, Russia, Singapore, Australia, Austria, Lithuania, Poland
",partial/partial,contributors producing data,"meaningful development, object of study - indirect"
70,Marco,"Hacar, M., Kilic, B., & Sahbaz, K. (2018). Analyzing OpenStreetMap Road Data and Characterizing the Behavior of Contributors in Ankara, Turkey. Isprs International Journal of Geo-Information, 7(10), 400. https://doi.org/10.3390/ijgi7100400","engineering, geo-information",geo-information,"data quality, contribution behaviors",Turkey,Europe,Turkey,full,contributors producing data,object of study - indirect
1020,Godwin,"Küçük, K., & Anbaroğlu, B. (n.d.). Spatial Accuracy Assessment of Buildings in OpenStreetMap. International Journal of Environment and Geoinformatics, 6(3), 309–316.",engineering,geo-information,data quality,Turkey,"Europe, Asia",Turkey,full,data produced by contributors,none
166,Godwin,"Yagoub, M. M. (2017). Assessment of OpenStreetMap (OSM) Data: The Case of Abu Dhabi City, United Arab Emirates. Journal of Map & Geography Libraries, 13(3), 300–319.",social sciences,geo-information,data quality,United Arab Emirates,Asia,United Arab Emirates,full,OSM as a data source,acknowledgement
1,Godwin,"Abbar, S., Zanouda, T., & Borge-Holthoefer, J. (2016). Robustness and resilience of cities around the world. ArXiv Preprint ArXiv:1608.01709.","computer science, social sciences",computer science,application,"Qatar, Spain","Asia, Europe","United Arab Emirates, Qatar, Bahrain, Saudi Arabia, Australia, Austria, Canada, Finland, New Zealand, Switzerland, Japan, Germany, Sweden, France, Denmark, Norway, Luxembourg, Netherlands, United States, Belgium, China, Spain, Ireland, Italy, Hungary, United Kingdom, Singapore, Iceland",partial/partial,data produced by contributors,none
29,Yair,"Bright, J., De Sabbata, S., Lee, S., Ganesh, B., & Humphreys, D. K. (2018). OpenStreetMap data for alcohol research: Reliability assessment and quality indicators. Health & Place, 50, 130–136. https://doi.org/10.1016/j.healthplace.2018.01.009","interdisciplinary, social sciences",social sciences,data quality,United Kingdom,Europe,United Kingdom,full,data produced by contributors,none
37,Levente,"Chen, X., Vo, H., Wang, Y., & Wang, F. (2018). A framework for annotating OpenStreetMap objects using geo-tagged tweets. GeoInformatica, 22(3), 589–613. https://doi.org/10.1007/s10707-018-0323-8",computer science,geo-information,data enrichment,United States,North America,United Kingdom,no,OSM as a data source,none
107,Levente,"Monteiro, E. S., Fonte, C. C., & de Lima, J. L. M. P. (2018). Improving the positional accuracy of drainage networks extracted from Global Digital Elevation Models using OpenStreetMap data. Journal of Hydrology and Hydromechanics, 66(3), 285–294. https://doi.org/10.1515/johh-2017-0057","engineering, exact sciences, informatics",exact sciences,application,Portugal,Europe,United Kingdom,no,data produced by contributors,none
118,Peter,"Pentyala, S. K. (2017). Emergency communication system with Docker containers, OSM and Rsync. 2017 International Conference On Smart Technologies For Smart Nation (SmartTechCon), 1064–1069. https://doi.org/10.1109/SmartTechCon.2017.8358533",computer science,interdisciplinary,application,India,Asia,United Kingdom,no,OSM as a data source,none
160,Marco,"Wang, L., Fang, F., Yuan, X., Luo, Z., Liu, Y., Wan, B., & Zhao, Y. (2017). Urban function zoning using geotagged photos and openstreetmap. 2017 IEEE International Geoscience and Remote Sensing Symposium (IGARSS), 815–818. IEEE.","computer science, engineering",geo-information,application,"China, United States","Asia, North America",United Kingdom,no,OSM as a data source,none
61,Godwin,"Fonte, Cidália Costa, Patriarca, J. A., Minghini, M., Antoniou, V., See, L., & Brovelli, M. A. (2019). Using OpenStreetMap to Create Land Use and Land Cover Maps: Development of an Application. In C. E. C. Campelo, M. Bertolotto, & P. Corcoran, Volunteered Geographic Information and the Future of Geospatial Data (pp. 1100–1123). Retrieved from http://doi.org/10.4018/978-1-5225-2446-5.ch007","computer science, geo-information, engineering, exact sciences",geo-information,application,"Portugal, Greece, Austria, Italy",Europe,"United Kingdom, France",no,data produced by contributors,none
1026,Yair,"Minghini, Marco, & Frassinelli, F. (2019). OpenStreetMap history for intrinsic quality assessment: Is OSM up-to-date? Open Geospatial Data, Software and Standards, 4(1), 9.","geo-information, engineering",geo-information,"data quality, development","Italy, Norway",Europe,"United Kingdom, France, Norway, Italy, Germany",partial/partial,data produced by contributors,contribution
102,Levente,"Mobasheri, A., Zipf, A., & Francis, L. (2018). OpenStreetMap data quality enrichment through awareness raising and collective action tools—experiences from a European project. Geo-Spatial Information Science, 21(3), 234–246",geo-information,geo-information,data quality,"Germany, United Kingdom",Europe,"United Kingdom, Germany, Austria, Spain",partial/partial,contributors producing data,"meaningful development, object of study - direct"
90,Marco,"Lawrence, P. J., Filippidis, L., Veeraswamy, A., & Galea, E. R. (2016). Utilising OpenStreetMap for Urban Evacuation Analysis. 24th GIS Research UK (GISRUK 2016) conference, University of Greenwich.",engineering,geo-information,application,United Kingdom,Europe,"United Kingdom, Greece",partial/full,OSM as a data source,none
1002,Marco,"Almendros-Jiménez, J. M., Becerra-Terón, A., & Torres, M. (2019). Integrating and Querying OpenStreetMap and Linked Geo Open Data. The Computer Journal, 62(3), 321–345.",informatics,computer science,development,Spain,Europe,"United Kingdom, Italy, Austria, Germany, France, Spain",partial/partial,data produced by contributors,occasional development
125,Marco,"Quinn, S. D., & MacEachren, A. M. (2018). A geovisual analytics exploration of the OpenStreetMap crowd. Cartography and Geographic Information Science, 45(2), 140–155. https://doi.org/10.1080/15230406.2016.1276479",social sciences,geo-information,"contribution behaviors, development",United States,North America,"United Kingdom, United States, Australia, Argentina, India, Ghana, Brazil",partial/partial,contributors producing data,"meaningful development, object of study - indirect"
43,Peter,"Das, M., Hecht, B., & Gergle, D. (2019). The Gendered Geography of Contributions to OpenStreetMap: Complexities in Self-Focus Bias. Proceedings of the 2019 CHI Conference on Human Factors in Computing Systems, 563:1–563:14. https://doi.org/10.1145/3290605.3300793","geo-information, computer science",computer science,contributors,United States,North America,United States,full,a social product,object of study - indirect
50,Marco,"Dunn, A., Hanson, B., & Seeger, C. J. (2018). Evaluating Walkability in the Age of Open Data: OpenStreetMap and Community-level Transportation Analysis. Journal of Digital Landscape Architecture, 3-2018, pp. 119-129","informatics, geo-information, social sciences",interdisciplinary,application,United States,North America,United States,full,data produced by contributors,participation
71,Godwin,"Hall, A., Thebault-Spieker, J., Sen, S., Hecht, B., & Terveen, L. (2018). Exploring the Relationship Between “Informal Standards” and Contributor Practice in OpenStreetMap. Proceedings of the 14th International Symposium on Open Collaboration, 10:1–10:11. https://doi.org/10.1145/3233391.3233962","computer science, social sciences",interdisciplinary,contribution behaviors,United States,North America,United States,full,data produced by contributors,occasional development
80,Marco,"Juhász, L., & Hochmair, H. (2018). OSM Data Import as an Outreach Tool to Trigger Community Growth? A Case Study in Miami. ISPRS International Journal of Geo-Information, 7(3), 113.",geo-information,geo-information,"contribution behaviors, analyzing contributions, contributors",United States,North America,United States,full,a social product,"acknowledgement, meaningful development, object of study - indirect, participation"
86,Godwin,"Keler, A., & Krisp, J. M. (2016). Is there a relationship between complicated crossings and frequently visited locations? A case study with boro taxis and OSM in NYC. 13th International Conference on Location-Based Services, 111–121.","social sciences, geo-information",geo-information,application,Germany,Europe,United States,no,OSM as a data source,none
111,Godwin,"Nagaraj, A. (2017). Information Seeding and Knowledge Production in Online Communities: Evidence from OpenStreetMap. Available at SSRN 3044581.",social sciences,social sciences,shaping contributions,United States,North America,United States,full,data produced by contributors,occasional development
126,Godwin,"Quinn, S., & Yapa, L. (2016). OpenStreetMap and Food Security: A Case Study in the City of Philadelphia. Professional Geographer, 68(2), 271–280. https://doi.org/10.1080/00330124.2015.1065547",social sciences,social sciences,shaping contributions,United States,North America,United States,full,a social product,object of study - direct
151,Godwin,"Thebault-Spieker, J., Hecht, B., & Terveen, L. (2018). Geographic biases are’born, not made’: Exploring contributors’ spatiotemporal behavior in OpenStreetMap. Proceedings of the 2018 ACM Conference on Supporting Groupwork, 71–82. ACM.",computer science,computer science,analyzing contributions,United States,North America,United States,full,OSM as a data source,none
170,Marco,"Yang, D., Fu, C.-S., Smith, A. C., & Yu, Q. (2017). Open land-use map: A regional land-use mapping strategy for incorporating OpenStreetMap with earth observations. Geo-Spatial Information Science, 20(3), 269–281.","social sciences, exact sciences",geo-information,application,"United States, China","North America, Asia",United States,partial/full,OSM as a data source,none
173,Peter,"Zhang, L., & Pfoser, D. (2019). Using OpenStreetMap point-of-interest data to model urban change-A feasibility study. Plos One, 14(2), e0212606. https://doi.org/10.1371/journal.pone.0212606","social sciences, geo-information",interdisciplinary,application,"United States, Singapore",North America,United States,partial/full,OSM as a data source,none
1012,Peter,"Hadimlioglu, I. A., & King, S. A. (2019). City Maker: Reconstruction of Cities from OpenStreetMap Data for Environmental Visualization and Simulations. ISPRS International Journal of Geo-Information, 8(7), 298.",computer science,geo-information,application,United States,North America,United States,full,OSM as a data source,none
1034,Godwin (for Levente). Changed the source from https://arxiv.org/pdf/1910.07673.pdf,"S. S. Saha, E. Schweitzer, A. Scaglione and N. G. Johnson, ""A Framework for Generating Synthetic Distribution Feeders using OpenStreetMap,"" 2019 North American Power Symposium (NAPS), Wichita, KS, USA, 2019, pp. 1-6, doi: 10.1109/NAPS46351.2019.9000187.",engineering,engineering,application,United States,North America,United States,full,OSM as a data source,none
1037,Godwin (for Levente),"Wu, S., Du, C., Chen, H., Xu, Y., Guo, N., & Jing, N. (2019). Road Extraction from Very High Resolution Images Using Weakly labeled OpenStreetMap Centerline. ISPRS International Journal of Geo-Information, 8(11), 478.",geo-information,geo-information,application,"China, United States","Asia, North America",United States,partial/partial,OSM as a data source,none
1038,Godwin (for Levente),"Xie, X., Zhou, Y., Xu, Y., Hu, Y., & Wu, C. (2019). OpenStreetMap Data Quality Assessment via Deep Learning and Remote Sensing Imagery. IEEE Access, 7, 176884–176895.",engineering,engineering,application,United States,North America,United States,partial/partial,OSM as a data source,none
73,Peter,"Hochmair, H. H., Juhász, L., & Cvetojevic, S. (2018). Data Quality of Points of Interest in Selected Mapping and Social Media Platforms. In P. Kiefer, H. Huang, N. Van de Weghe, & M. Raubal (Eds.), Progress in Location Based Services 2018 (pp. 293–313). Springer International Publishing.",geo-information,geo-information,"data quality, application",United States,North America,"United States, Australia, United Kingdom, China, Kenya, Austria",no,OSM as a data source,none
1014,Peter,"Hosoya, Y., Ueda, H., Ito, N., & Iwata, K. (2019). Map Creations with OpenStreetMap for RoboCupRescue Simulation. 60–65.",informatics,engineering,application,Japan,Asia,"United States, Kenya,Canada, Mexico,Chile, New Zealand,China, Nepal,Cuba, Panama,Ecuador, Peru,Germany, Philippines,Greece, Portugal,Guam, Russia,Guinea, South Africa,India, Spain,Indonesia, Turkey,Iran, Uganda,Italy, United Kingdom,Japan, Zimbabwe",partial/partial,data produced by contributors,none
178,Peter,"Zhou, Q. (2018). Exploring the relationship between density and completeness of urban building data in OpenStreetMap for quality estimation. International Journal of Geographical Information Science, 32(2), 257–281. https://doi.org/10.1080/13658816.2017.1395883",geo-information,geo-information,data quality,China,Asia,"United States, New Zealand",no,OSM as a data source,none
3,Peter,"Aldrich, D. R., Ayranci, C., & Nobes, D. S. (2017). OSM-Classic: An optical imaging technique for accurately determining strain. SoftwareX, 6, 225–230.",,,,,,,,,
25,Marco,"Bielecka, E., & Leszczynska, M. (2018). Usability of the OpenStreetMap forest data. Sylwan, 162(6), 460–468.",,,,,,,,,
47,Levente,"de Medeiros, G. F. B., & de Holanda, M. T. (2017). OpenStreetMap: An analysis of the evolution of geographic data in Brazil. 2017 12th Iberian Conference on Information Systems and Technologies (CISTI), 1–6. IEEE.",,,,,,,,,
77,Levente,"Israel, A., Hoban, A., Sepúlveda, A. T., Salguero, F. J. R., de Blas, G. G., Kashalkar, K., … Marchetti, M. (2017). OSM Release Three-A Technical Overview. White Paper, ETSI.",,,,,,,,,
139,Yair,"Seip, C., Bill, R., & Kinskofer, A. (2016). Providing emergency medical services for Mecklenburg-Western Pomerania. Reachability analyses based on OpenStreetMap and ArcGIS online. Notfall & Rettungsmedizin, 19(2), 99–107. https://doi.org/10.1007/s10049-015-0117-6",,,,,,,,,
147,Levente,"Sveen, A., & Erichsen, A. S. (2017). Evaluation of the Micro-Tasking Method for OpenStreetMap Imports. Free and Open Source Software for Geospatial (FOSS4G) Conference Proceedings, 17(1). https://doi.org/10.7275/R51C1V28",,,,,,,,,
174,Yair,"Zhao, L., & Kusumaputri, P. (2016). Openstreetmap road network analysis for poverty mapping.",,,,,,,,,
177,Levente,"Zheng, Y., Izzat, I. H., & Hansen, J. H. (2019). Exploring OpenStreetMap Availability for Driving Environment Understanding. ArXiv Preprint ArXiv:1903.04084.",,,,,,,,,
1003,Marco,"Anderson, J., Sarkar, D., & Palen, L. (2019). Corporate Editors in the Evolving Landscape of OpenStreetMap: A Close Investigation of the Impact to the Map & Community. Proceedings of the Academic Track, State of the Map 2019, 17-18.",,,,,,,,,
1004,Marco,"Bocher, E., Guillaume, G., Guyon, S., Fortin, N., & Aumond, P. (2019). Noise Mapping based on OpenStreetMap data.",,,,,,,,,
1006,Marco,"Fukuda, K., Maadi, S., Shen, K., & Schmöcker, J.-D. (2019). Extraction of public transportation networks from Openstreetmap data and estimation of OD patterns through a graph convolutional approach.",,,,,,,,,
1011,Peter,"Gurianova, A. A., Baksheev, E. O., Mashkovtsev, M. A., Ponomarev, A. V., Vereshchagin, A. O., Zhirenkina, N. V., Gordeev, E. V., Bujnachev, S. V., Alikin, E. A., & Denisov, S. P. (2019). Study of the effects of modification on the properties of OSM. 2174, 020102.",,,,,,,,,
1031,Yair,"Rapp, J. (2019). Route planning based on destination signs in OpenStreetMap. University of Stuttgart, Stuttgart.",,,,,,,,,
1033,Godwin (for Levente),"Seto, T., Kanasugi, H., & Nishimura, Y. (2019). Analysis of OSM data through OSM-Notes user posting. Editors, 15.",,,,,,,,,
1041,Godwin (for Levente),"Zhou, Q., & Tian, Y. (2019). Spatial-temporal Evolution and Completeness Analysis of OpenStreetMap Building Data in China from 2012 to 2017. Abstracts of the ICA, 1.",,,,,,,,,